time	n.risk	n.event	n.censor	estimate	std.error	conf.high	conf.low	strata
32	188	1	0	0.9946808510638298	0.005333352296397433	1	0.9843374296579758	clusterID=1
35	187	1	0	0.9893617021276595	0.007562747506779042	1	0.974804830513352	clusterID=1
72	186	1	0	0.9840425531914893	0.009287436095887424	1	0.9662920338252883	clusterID=1
90	185	1	0	0.9787234042553191	0.010753309840483507	0.9995699872629744	0.9583115882260972	clusterID=1
103	184	1	0	0.9734042553191489	0.012055369681047824	0.9966778111288891	0.950674163399124	clusterID=1
104	183	1	0	0.9680851063829786	0.013242226336053984	0.9935399672532488	0.943282408448555	clusterID=1
112	182	1	0	0.9627659574468084	0.01434269647879456	0.990214430319767	0.9360783487260863	clusterID=1
128	181	1	0	0.9574468085106381	0.015375520133814751	0.9867390650996581	0.9290241194966997	clusterID=1
136	180	1	0	0.9521276595744679	0.01635369201742337	0.9831402341794548	0.9220933582108691	clusterID=1
150	179	1	0	0.9468085106382976	0.017286659362632066	0.9794371757324003	0.9152668267331895	clusterID=1
166	178	1	0	0.9414893617021274	0.018181544982593778	0.9756444451858933	0.9085299696749563	clusterID=1
180	177	1	0	0.9361702127659572	0.01904387685446346	0.971773374968223	0.9018714546474546	clusterID=1
185	176	0	1	0.9361702127659572	0.01904387685446346	0.971773374968223	0.9018714546474546	clusterID=1
222	175	1	0	0.930820668693009	0.01988743241707848	0.9678191949593069	0.8952365501518393	clusterID=1
231	174	1	0	0.9254711246200605	0.02070580479410311	0.9638016955432507	0.8886649675613527	clusterID=1
280	173	1	0	0.9201215805471121	0.02150202361951888	0.9597271314342575	0.8821504522053939	clusterID=1
291	172	1	0	0.9147720364741638	0.02227861637841371	0.9556007301215907	0.8756877766393223	clusterID=1
315	171	0	1	0.9147720364741638	0.02227861637841371	0.9556007301215907	0.8756877766393223	clusterID=1
316	170	1	0	0.909391024494904	0.02304655223398204	0.9514104654485611	0.8692273897176331	clusterID=1
358	169	1	0	0.9040100125156443	0.023798419252988326	0.9471755782950129	0.8628116280189763	clusterID=1
361	168	1	0	0.8986290005363845	0.02453584640186398	0.9428994455204699	0.8564371147331321	clusterID=1
367	167	1	0	0.8932479885571247	0.025260249248616327	0.9385850017454039	0.8501009152901227	clusterID=1
371	166	0	1	0.8932479885571247	0.025260249248616327	0.9385850017454039	0.8501009152901227	clusterID=1
374	165	1	0	0.8878343643840512	0.025981437741316726	0.9342161927886159	0.8437552941876577	clusterID=1
385	164	1	0	0.8824207402109777	0.026691636455068384	0.9298131185159962	0.8374439414204651	clusterID=1
391	163	1	0	0.8770071160379043	0.02739185349093779	0.9253778612235247	0.8311647747485243	clusterID=1
404	162	1	0	0.8715934918648307	0.028082988724844864	0.9209122755971028	0.8249159395432851	clusterID=1
451	161	0	1	0.8715934918648307	0.028082988724844864	0.9209122755971028	0.8249159395432851	clusterID=1
463	160	1	0	0.8661460325406756	0.028774336340224995	0.916397466590589	0.8186501785923394	clusterID=1
471	159	1	0	0.8606985732165203	0.029457905216942984	0.9118548185702124	0.8124122599895132	clusterID=1
483	158	1	0	0.8552511138923651	0.03013438247769681	0.9072857323217461	0.8062007830127976	clusterID=1
486	157	1	0	0.8498036545682099	0.030804393614810438	0.9026914766763146	0.8000144788964686	clusterID=1
505	156	1	0	0.8443561952440548	0.03146851059306065	0.898073205206934	0.793852194134599	clusterID=1
524	155	1	0	0.8389087359198996	0.03212725866341941	0.8934319702868411	0.7877128764227851	clusterID=1
562	154	1	0	0.8334612765957444	0.03278112213055045	0.8887687350025791	0.7815955627451185	clusterID=1
578	153	1	0	0.8280138172715893	0.03343054926471919	0.8840843833094	0.7754993692188423	clusterID=1
600	152	1	0	0.8225663579474342	0.034075956509115844	0.8793797287363263	0.7694234823893503	clusterID=1
601	151	2	0	0.8116714392991238	0.03535623921874212	0.8699124569313189	0.75732968314756	clusterID=1
613	149	1	0	0.8062239799749686	0.035991818688092446	0.8651511772571558	0.7513104333365251	clusterID=1
622	148	1	0	0.8007765206508134	0.03662479138718933	0.8603722803986847	0.7453088048448974	clusterID=1
626	147	2	0	0.789881602002503	0.03788411249927461	0.8507638214394991	0.7333562258516998	clusterID=1
634	145	1	0	0.7844341426783478	0.03851102050276269	0.8459352615563235	0.7274042733098017	clusterID=1
665	144	2	0	0.7735392240300374	0.039760630991554004	0.8362317463926263	0.715546777187349	clusterID=1
694	142	1	0	0.7680917647058823	0.04038381900316076	0.831357612392536	0.7096404125189353	clusterID=1
699	141	1	0	0.762644305381727	0.0410062360937566	0.8264690664685997	0.7037484645570515	clusterID=1
730	140	1	0	0.7571968460575719	0.041628101806788054	0.821566459462958	0.6978705825628763	clusterID=1
739	139	1	0	0.7517493867334167	0.04224962801391235	0.8166501215594734	0.6920064364588626	clusterID=1
762	138	1	0	0.7463019274092615	0.042871019683609866	0.8117203638175005	0.6861557152950788	clusterID=1
770	137	1	0	0.7408544680851064	0.04349247558130431	0.8067774795570188	0.6803181258641899	clusterID=1
783	136	1	0	0.7354070087609512	0.04411418890931999	0.8018217456122485	0.674493391447961	clusterID=1
799	135	1	0	0.729959549436796	0.04473634789389879	0.7968534234685781	0.6686812506804539	clusterID=1
827	134	1	0	0.7245120901126407	0.04535913632556254	0.7918727602956854	0.6628814565150376	clusterID=1
864	133	1	0	0.7190646307884855	0.04598273405831084	0.7868799898880711	0.6570937752839906	clusterID=1
887	132	1	0	0.7136171714643303	0.04660731747246677	0.7818753335228147	0.6513179858408871	clusterID=1
934	131	1	0	0.7081697121401751	0.04723305990540372	0.7768590007431431	0.6455538787771778	clusterID=1
946	130	0	1	0.7081697121401751	0.04723305990540372	0.7768590007431431	0.6455538787771778	clusterID=1
988	129	1	0	0.702680024449166	0.047869864878975085	0.7717995314738747	0.6397506044308789	clusterID=1
1006	128	1	0	0.6971903367581569	0.04850814067311618	0.7667284233147338	0.6339589754186326	clusterID=1
1016	127	0	1	0.6971903367581569	0.04850814067311618	0.7667284233147338	0.6339589754186326	clusterID=1
1024	126	0	1	0.6971903367581569	0.04850814067311618	0.7667284233147338	0.6339589754186326	clusterID=1
1049	125	1	0	0.6916128140640916	0.04916864692662476	0.7615798753275891	0.6280736926929715	clusterID=1
1066	124	1	0	0.6860352913700264	0.04983092425769199	0.756419327496495	0.6222004170131914	clusterID=1
1069	123	1	0	0.6804577686759611	0.05049515841185408	0.751246970170341	0.6163389582076849	clusterID=1
1078	122	1	0	0.6748802459818958	0.051161533611495495	0.7460629835903139	0.6104891362184148	clusterID=1
1097	121	1	0	0.6693027232878306	0.051830232923421836	0.7408675384559963	0.6046507805350594	clusterID=1
1100	120	1	0	0.6637252005937654	0.05250143860981948	0.7356607964458013	0.5988237296748347	clusterID=1
1118	119	1	0	0.6581476778997002	0.053175332464868226	0.7304429106959368	0.5930078307038007	clusterID=1
1138	118	1	0	0.652570155205635	0.05385209613906756	0.7252140262416358	0.5872029387959152	clusterID=1
1145	117	1	0	0.6469926325115698	0.05453191145315962	0.7199742804239805	0.5814089168265083	clusterID=1
1156	116	1	0	0.6414151098175046	0.05521496070338067	0.7147238032652968	0.5756256349972015	clusterID=1
1179	115	1	0	0.6358375871234394	0.05590142695964237	0.7094627178157811	0.5698529704896136	clusterID=1
1243	114	0	1	0.6358375871234394	0.05590142695964237	0.7094627178157811	0.5698529704896136	clusterID=1
1245	113	1	0	0.6302107058214621	0.05660374053516044	0.7041528928994527	0.5640330924390556	clusterID=1
1247	112	1	0	0.6245838245194848	0.057309868460932153	0.6988323181877774	0.5582239740471829	clusterID=1
1257	111	1	0	0.6189569432175075	0.05802000607471037	0.693501105568134	0.55242550369593	clusterID=1
1302	110	1	0	0.6133300619155302	0.05873435060172064	0.6881593606216312	0.546637576083396	clusterID=1
1344	109	1	0	0.6077031806135529	0.05945310146039142	0.6828071828846292	0.5408600919627817	clusterID=1
1360	108	1	0	0.6020762993115755	0.06017646056826292	0.6774446660903325	0.5350929579012813	clusterID=1
1367	107	1	0	0.5964494180095982	0.06090463264934187	0.6720718983919228	0.5293360860574614	clusterID=1
1368	106	1	0	0.5908225367076209	0.061637825544140185	0.6666889625685599	0.5235893939758014	clusterID=1
1396	105	1	0	0.5851956554056436	0.062376250523616374	0.6612959362154472	0.5178528043971993	clusterID=1
1401	104	0	1	0.5851956554056436	0.062376250523616374	0.6612959362154472	0.5178528043971993	clusterID=1
1403	103	1	0	0.5795141441881131	0.06313462072377353	0.6558497039423093	0.5120634213835407	clusterID=1
1439	102	1	0	0.5738326329705826	0.06389873914497204	0.6503931336068542	0.5062843896211778	clusterID=1
1444	101	1	0	0.568151121753052	0.06466883921416312	0.6449262947364183	0.5005156399789501	clusterID=1
1482	100	1	0	0.5624696105355215	0.0654451592275348	0.6394492518910226	0.4947571083090399	clusterID=1
1497	99	1	0	0.556788099317991	0.06622794272782707	0.6339620648066353	0.4890087353045297	clusterID=1
1499	98	1	0	0.5511065881004604	0.06701743889334139	0.6284647885260136	0.483270466369428	clusterID=1
1522	97	1	0	0.54542507688293	0.06781390294013424	0.6229574735178192	0.47754225150048	clusterID=1
1523	96	1	0	0.5397435656653995	0.06861759653894157	0.6174401657846217	0.4718240451801448	clusterID=1
1545	95	1	0	0.5340620544478689	0.06942878824844712	0.6119129069603468	0.46611580628019256	clusterID=1
1547	94	1	0	0.5283805432303385	0.0702477539665881	0.6063757343976607	0.4604174979754345	clusterID=1
1570	93	0	1	0.5283805432303385	0.0702477539665881	0.6063757343976607	0.4604174979754345	clusterID=1
1610	92	1	0	0.5226372764560956	0.07109284569469686	0.6007789700015926	0.45465926135983287	clusterID=1
1612	91	1	0	0.5168940096818528	0.07194645808564937	0.5951719229049459	0.44891132622809266	clusterID=1
1615	90	0	1	0.5168940096818528	0.07194645808564937	0.5951719229049459	0.44891132622809266	clusterID=1
1635	89	1	0	0.5110862118202589	0.07282838827357563	0.5895027034775717	0.44310079389266205	clusterID=1
1666	88	1	0	0.5052784139586651	0.07371967612824641	0.5838227942563762	0.4373009723571543	clusterID=1
1680	87	1	0	0.4994706160970713	0.07462067241478404	0.5781322219214493	0.43151183567534057	clusterID=1
1682	86	1	0	0.4936628182354774	0.07553173940300373	0.5724310084346567	0.4257333626538033	clusterID=1
1697	85	1	0	0.48785502037388356	0.07645325159633323	0.5667191710881047	0.41996553680553256	clusterID=1
1721	84	1	0	0.4820472225122897	0.07738559650202784	0.5609967225422635	0.4142083463140144	clusterID=1
1724	83	1	0	0.47623942465069585	0.07832917544638038	0.5552636708539432	0.4084617840076277	clusterID=1
1733	82	1	0	0.470431626789102	0.07928440443893114	0.5495200194942671	0.40272584734421984	clusterID=1
1758	81	1	0	0.46462382892750814	0.08025171509002363	0.5437657673567371	0.3970005384057829	clusterID=1
1787	80	1	0	0.4588160310659143	0.081231555586432	0.5380009087554317	0.39128586390320425	clusterID=1
1791	79	1	0	0.45300823320432043	0.08222439173021072	0.5322254334133325	0.3855818351911162	clusterID=1
1792	78	1	0	0.4472004353427266	0.08323070804638942	0.5264393264407233	0.37988846829292244	clusterID=1
1800	77	1	0	0.4413926374811327	0.0842510089656642	0.5206425683035544	0.374205783936128	clusterID=1
1807	76	1	0	0.43558483961953887	0.08528582008882636	0.514835134781617	0.36853380759815646	clusterID=1
1812	75	1	0	0.429777041757945	0.08633568954032764	0.5090169969163174	0.3628725695628912	clusterID=1
1825	74	0	1	0.429777041757945	0.08633568954032764	0.5090169969163174	0.3628725695628912	clusterID=1
1826	73	1	0	0.4238896850215348	0.08743060128070963	0.5031226987256683	0.3571344833432556	clusterID=1
1835	72	1	0	0.4180023282851246	0.08854223960162211	0.4972170262405087	0.35140781033364793	clusterID=1
1854	71	1	0	0.4121149715487144	0.08967126316235219	0.4912999384151631	0.3456925932505997	clusterID=1
1868	70	1	0	0.40622761481230424	0.09081836143977683	0.4853713886440242	0.3399888804676158	clusterID=1
1871	69	1	0	0.4003402580758941	0.09198425682886563	0.4794313246517094	0.3342967261321647	clusterID=1
1877	68	1	0	0.3944529013394839	0.0931697069102715	0.47347968836863136	0.3286161902979002	clusterID=1
1886	67	1	0	0.3885655446030737	0.09437550690159331	0.46751641579127634	0.3229473390728808	clusterID=1
1893	66	1	0	0.38267818786666347	0.0956024923107809	0.46154143682639687	0.31729024478466483	clusterID=1
1902	65	1	0	0.3767908311302533	0.09685154181228885	0.45555467511821	0.311644986163269	clusterID=1
1952	64	1	0	0.3709034743938431	0.0981235803690092	0.44955604785758463	0.3060116485431088	clusterID=1
1959	63	1	0	0.36501611765743286	0.09941958262576871	0.4435454655720705	0.3003903240851768	clusterID=1
1974	62	1	0	0.35912876092102264	0.10074057660331488	0.43752283189548363	0.29478111202086593	clusterID=1
1982	61	0	1	0.35912876092102264	0.10074057660331488	0.43752283189548363	0.29478111202086593	clusterID=1
1986	60	1	0	0.35314328157233893	0.10213299980943755	0.43140653088006	0.2890780931509641	clusterID=1
2011	59	1	0	0.3471578022236552	0.10355373686181737	0.42527713243784354	0.2833882436939468	clusterID=1
2073	58	1	0	0.3411723228749715	0.10500407971514485	0.419134516340681	0.277711687675211	clusterID=1
2162	57	1	0	0.3351868435262878	0.106485397894944	0.41297855346970114	0.2720485582827219	clusterID=1
2172	56	1	0	0.3292013641776041	0.10799914485550276	0.4068091054311342	0.2663989982759648	clusterID=1
2211	55	1	0	0.3232158848289204	0.10954686497668568	0.4006260241358876	0.26076316043389997	clusterID=1
2229	54	1	0	0.3172304054802367	0.11113020127761658	0.3944291513397119	0.25514120804544915	clusterID=1
2252	53	0	1	0.3172304054802367	0.11113020127761658	0.3944291513397119	0.25514120804544915	clusterID=1
2262	52	1	0	0.3111298207594629	0.11281398646661346	0.38812273060617686	0.24941019356075547	clusterID=1
2321	51	0	1	0.3111298207594629	0.11281398646661346	0.38812273060617686	0.24941019356075547	clusterID=1
2337	50	1	0	0.30490722434427364	0.11460872047010806	0.38170059260543326	0.2435637178940179	clusterID=1
2389	49	1	0	0.2986846279290844	0.11644882513715017	0.3752617430513233	0.2377340845771595	clusterID=1
2410	48	1	0	0.2924620315138951	0.11833677064703979	0.3688059629130827	0.23192152101237193	clusterID=1
2417	47	1	0	0.28623943509870586	0.12027520932125563	0.3623330167573281	0.22612627173443797	clusterID=1
2420	46	1	0	0.2800168386835166	0.12226699376655774	0.3558426517917307	0.2203485994483944	clusterID=1
2462	45	1	0	0.2737942422683274	0.12431519725987637	0.34933459680855905	0.2145887861784518	clusterID=1
2480	44	0	1	0.2737942422683274	0.12431519725987637	0.34933459680855905	0.2145887861784518	clusterID=1
2520	43	0	1	0.2737942422683274	0.12431519725987637	0.34933459680855905	0.2145887861784518	clusterID=1
2545	42	1	0	0.2672753317381291	0.12662933452670905	0.34256734535391953	0.20853156007010412	clusterID=1
2809	41	0	1	0.2672753317381291	0.12662933452670905	0.34256734535391953	0.20853156007010412	clusterID=1
2815	40	1	0	0.26059344844467586	0.12913564187978016	0.33564791257265864	0.20232196545416467	clusterID=1
2822	39	1	0	0.25391156515122265	0.13172235131655294	0.3287038200312612	0.19613730960416617	clusterID=1
2876	38	1	0	0.24722968185776942	0.13439499763646046	0.32173465263659756	0.18997803031348437	clusterID=1
2885	37	1	0	0.2405477985643162	0.13715963743191714	0.3147399574326471	0.18384460576957826	clusterID=1
2938	36	0	1	0.2405477985643162	0.13715963743191714	0.3147399574326471	0.18384460576957826	clusterID=1
3007	35	0	1	0.2405477985643162	0.13715963743191714	0.3147399574326471	0.18384460576957826	clusterID=1
3043	34	1	0	0.23347286331242456	0.14037105021193977	0.3074117506082672	0.17731780842939635	clusterID=1
3116	33	1	0	0.2263979280605329	0.14370456302627488	0.3000502505781915	0.17082479261834574	clusterID=1
3149	32	1	0	0.21932299280864126	0.1471701938257256	0.2926548053686797	0.16436625776207844	clusterID=1
3185	31	1	0	0.2122480575567496	0.15077909260871	0.2852246925634846	0.15794298008257598	clusterID=1
3264	30	1	0	0.20517312230485796	0.15454371567702863	0.27775911313867757	0.15155581986361974	clusterID=1
3323	29	1	0	0.1980981870529663	0.15847803364775298	0.2702571843559689	0.14520572989461517	clusterID=1
3328	28	1	0	0.19102325180107466	0.1625977812628747	0.2627179315591877	0.13889376530979564	clusterID=1
3344	27	1	0	0.183948316549183	0.16692075933241818	0.25514027868607597	0.13262109509142375	clusterID=1
3353	26	1	0	0.17687338129729135	0.17146720221247155	0.24752303726751362	0.1263890155716142	clusterID=1
3483	25	1	0	0.1697984460453997	0.17626022835920552	0.23986489363683344	0.12019896635263667	clusterID=1
3509	24	0	1	0.1697984460453997	0.17626022835920552	0.23986489363683344	0.12019896635263667	clusterID=1
3805	23	1	0	0.16241590491299102	0.18177995677802192	0.2319316063490603	0.11373579730657792	clusterID=1
3815	22	0	1	0.16241590491299102	0.18177995677802192	0.2319316063490603	0.11373579730657792	clusterID=1
3838	21	1	0	0.15468181420284857	0.188215050054909	0.22369083886256416	0.10696219731995822	clusterID=1
3918	20	0	1	0.15468181420284857	0.188215050054909	0.22369083886256416	0.10696219731995822	clusterID=1
4443	19	0	1	0.15468181420284857	0.188215050054909	0.22369083886256416	0.10696219731995822	clusterID=1
4622	18	0	1	0.15468181420284857	0.188215050054909	0.22369083886256416	0.10696219731995822	clusterID=1
4633	17	0	1	0.15468181420284857	0.188215050054909	0.22369083886256416	0.10696219731995822	clusterID=1
4947	16	0	1	0.15468181420284857	0.188215050054909	0.22369083886256416	0.10696219731995822	clusterID=1
4988	15	0	1	0.15468181420284857	0.188215050054909	0.22369083886256416	0.10696219731995822	clusterID=1
5103	14	0	1	0.15468181420284857	0.188215050054909	0.22369083886256416	0.10696219731995822	clusterID=1
5113	13	0	1	0.15468181420284857	0.188215050054909	0.22369083886256416	0.10696219731995822	clusterID=1
5203	12	0	1	0.15468181420284857	0.188215050054909	0.22369083886256416	0.10696219731995822	clusterID=1
5247	11	0	1	0.15468181420284857	0.188215050054909	0.22369083886256416	0.10696219731995822	clusterID=1
5490	10	0	1	0.15468181420284857	0.188215050054909	0.22369083886256416	0.10696219731995822	clusterID=1
5513	9	1	0	0.13749494595808762	0.22206709336608335	0.21247634508297256	0.08897395216693432	clusterID=1
5518	8	0	1	0.13749494595808762	0.22206709336608335	0.21247634508297256	0.08897395216693432	clusterID=1
5519	7	0	1	0.13749494595808762	0.22206709336608335	0.21247634508297256	0.08897395216693432	clusterID=1
5937	6	0	1	0.13749494595808762	0.22206709336608335	0.21247634508297256	0.08897395216693432	clusterID=1
7587	5	0	1	0.13749494595808762	0.22206709336608335	0.21247634508297256	0.08897395216693432	clusterID=1
7619	4	0	1	0.13749494595808762	0.22206709336608335	0.21247634508297256	0.08897395216693432	clusterID=1
7746	3	0	1	0.13749494595808762	0.22206709336608335	0.21247634508297256	0.08897395216693432	clusterID=1
8379	2	0	1	0.13749494595808762	0.22206709336608335	0.21247634508297256	0.08897395216693432	clusterID=1
11587	1	0	1	0.13749494595808762	0.22206709336608335	0.21247634508297256	0.08897395216693432	clusterID=1
27	163	0	1	1	0	1	1	clusterID=2
91	162	1	0	0.9938271604938271	0.006191980139726142	1	0.9818389085657727	clusterID=2
115	161	1	0	0.9876543209876543	0.008784104611578832	1	0.9707958803762323	clusterID=2
125	160	1	0	0.9814814814814814	0.010792065137302935	1	0.9609391494959167	clusterID=2
126	159	1	0	0.9753086419753085	0.012500976676955822	0.9995002867512673	0.9517025254725515	clusterID=2
146	158	1	0	0.9691358024691357	0.014020957364585244	0.996137520217921	0.9428660045071139	clusterID=2
147	157	1	0	0.9629629629629628	0.015408338784034142	0.992487819634613	0.9343164215151735	clusterID=2
158	156	1	0	0.9567901234567899	0.01669650852882024	0.9886186008621285	0.9259863607119471	clusterID=2
166	155	1	0	0.9506172839506171	0.017907176978341786	0.9845739092152738	0.9178317768606065	clusterID=2
180	154	1	0	0.9444444444444443	0.019055398349167647	0.9803844195713782	0.9098219951638404	clusterID=2
183	153	1	0	0.9382716049382714	0.020152118058611435	0.9760725231933947	0.9019346244408217	clusterID=2
194	152	1	0	0.9320987654320987	0.021205590067681475	0.9716551653610391	0.8941527194961377	clusterID=2
196	151	1	0	0.9259259259259258	0.02222222222222222	0.9671455421353565	0.8864630843552961	clusterID=2
203	150	2	0	0.9135802469135802	0.024164379788935555	0.9578896003469712	0.8713205230000983	clusterID=2
222	148	1	0	0.9074074074074073	0.025097441747368086	0.9531588867330097	0.8638519920220527	clusterID=2
243	147	1	0	0.9012345679012345	0.026009143821362345	0.9483679412317328	0.8564436977121085	clusterID=2
252	146	1	0	0.8950617283950616	0.02690189989508346	0.9435217727136473	0.8490906312987591	clusterID=2
264	145	1	0	0.8888888888888887	0.027777777777777776	0.9386246704682564	0.8417885035942538	clusterID=2
270	144	1	0	0.8827160493827159	0.028638566424214626	0.9336803414149817	0.8345336077837726	clusterID=2
282	143	0	1	0.8827160493827159	0.028638566424214626	0.9336803414149817	0.8345336077837726	clusterID=2
291	142	1	0	0.8764997391757954	0.02949767020067308	0.9286675139231649	0.8272624822739305	clusterID=2
304	141	1	0	0.8702834289688748	0.030344210462039306	0.9236123958871224	0.8200336527644286	clusterID=2
306	140	1	0	0.8640671187619543	0.031179457500475207	0.9185175973815592	0.8128445092984288	clusterID=2
331	139	1	0	0.8578508085550338	0.032004543072845074	0.9133854337419364	0.8056927366617554	clusterID=2
332	138	1	0	0.8516344983481132	0.032820481999813675	0.9082179700478074	0.7985762698996857	clusterID=2
349	137	1	0	0.8454181881411927	0.03362818969522417	0.9030170572851343	0.7914932581547629	clusterID=2
350	136	1	0	0.8392018779342723	0.03442849652707478	0.8977843620169125	0.7844420349963083	clusterID=2
351	135	1	0	0.8329855677273517	0.03522215968494226	0.8925213909338958	0.7774210938698378	clusterID=2
364	134	1	0	0.8267692575204311	0.03600987306543298	0.8872295113269131	0.770429067624895	clusterID=2
369	133	1	0	0.8205529473135105	0.036792275567909205	0.8819099682805187	0.7634647113215558	clusterID=2
401	132	1	0	0.81433663710659	0.0375699581044075	0.876563899208531	0.7565268876950529	clusterID=2
432	131	1	1	0.8081203268996694	0.03834346956151836	0.8711923462176343	0.7496145547923428	clusterID=2
443	129	1	0	0.8018558282415325	0.03912523065131963	0.8657644461140273	0.7426647885240484	clusterID=2
463	128	1	0	0.7955913295833955	0.0399036266716505	0.8603121771703254	0.735739398447408	clusterID=2
476	127	2	0	0.7830623322671216	0.04145218538893892	0.849337887660673	0.7219583926775253	clusterID=2
501	125	1	0	0.7767978336089847	0.04222321402441102	0.8438173885484304	0.7151012558980696	clusterID=2
519	124	1	0	0.7705333349508477	0.04299261534649839	0.8382755755726073	0.7082654410692061	clusterID=2
527	123	1	0	0.7642688362927107	0.04376076993146225	0.8327130793176227	0.7014503178055855	clusterID=2
535	122	1	0	0.7580043376345738	0.04452804154054292	0.8271304867422866	0.6946552993540557	clusterID=2
544	121	1	0	0.7517398389764368	0.04529477902421309	0.8215283450174665	0.6878798387562687	clusterID=2
548	120	1	0	0.7454753403182999	0.04606131802344323	0.8159071649270521	0.6811234254480062	clusterID=2
556	119	1	0	0.7392108416601629	0.046827982496637645	0.8102674238911728	0.6743855822362642	clusterID=2
559	118	1	0	0.732946343002026	0.047595086096439705	0.804609568661406	0.6676658626043648	clusterID=2
569	117	1	0	0.726681844343889	0.04836293341694003	0.7989340177301155	0.6609638483029522	clusterID=2
574	116	1	0	0.7204173456857521	0.049131821128795994	0.793241163489776	0.6542791471910216	clusterID=2
584	115	1	0	0.7141528470276152	0.04990203901726225	0.787531374172907	0.6476113912963571	clusterID=2
592	114	1	0	0.7078883483694782	0.05067387093604409	0.7818049955988717	0.6409602350691233	clusterID=2
629	113	1	0	0.7016238497113413	0.051447595688140654	0.7760623527501307	0.634325353806025	clusterID=2
633	112	1	0	0.6953593510532043	0.052223487843382974	0.770303751197448	0.6277064422255346	clusterID=2
636	111	1	0	0.6890948523950674	0.0530018185011425	0.764529478390941	0.6211032131773014	clusterID=2
639	110	1	0	0.6828303537369305	0.05378285600564984	0.7587398048316404	0.614515396471075	clusterID=2
646	109	1	0	0.6765658550787935	0.054566866620488846	0.7529349851363422	0.6079427378123634	clusterID=2
661	108	1	0	0.6703013564206565	0.05535411516809138	0.7471152590069138	0.6013849978336664	clusterID=2
662	107	0	1	0.6703013564206565	0.05535411516809138	0.7471152590069138	0.6013849978336664	clusterID=2
673	106	1	0	0.6639777587185748	0.056159819494910286	0.7412366029805885	0.5947715780631617	clusterID=2
679	105	1	0	0.6576541610164931	0.05696929363504516	0.7353429328767308	0.5881731858226902	clusterID=2
686	104	1	0	0.6513305633144114	0.0577828146248437	0.729434463722186	0.581589606477714	clusterID=2
695	103	1	0	0.6450069656123297	0.05860066015429205	0.7235113977018549	0.5750206382510434	clusterID=2
699	102	1	0	0.638683367910248	0.05942310914872498	0.7175739248485967	0.5684660915336979	clusterID=2
708	101	1	0	0.6323597702081664	0.0602504423377238	0.7116222236741602	0.5619257882547845	clusterID=2
709	100	1	0	0.6260361725060847	0.06108294281468012	0.7056564617465261	0.5553995613050129	clusterID=2
720	99	1	0	0.619712574804003	0.06192089659028237	0.699676796218439	0.5488872540090762	clusterID=2
723	98	1	0	0.6133889771019213	0.06276459314300416	0.6936833743113644	0.5423887196426606	clusterID=2
730	97	1	0	0.6070653793998396	0.06361432596953337	0.6876763337586378	0.5359038209903239	clusterID=2
734	96	1	0	0.6007417816977579	0.06447039313797509	0.6816558032111607	0.529432429940894	clusterID=2
737	95	1	0	0.5944181839956763	0.06533309784658772	0.6756219026086272	0.5229744271174044	clusterID=2
738	94	1	0	0.5880945862935946	0.06620274899076617	0.6695747435189445	0.5165297015389123	clusterID=2
745	93	1	0	0.5817709885915129	0.067079661740968	0.6635144294482203	0.5100981503118297	clusterID=2
749	92	1	0	0.5754473908894312	0.067964158134287	0.6574410561234347	0.5036796783486583	clusterID=2
750	91	1	0	0.5691237931873495	0.06885656768241133	0.6513547117496832	0.4972741981122462	clusterID=2
757	90	1	0	0.5628001954852678	0.06975722799876122	0.6452554772436716	0.490881629383894	clusterID=2
788	89	1	0	0.5564765977831861	0.07066648544768407	0.6391434264449602	0.4845018990538218	clusterID=2
812	88	1	0	0.5501530000811045	0.07158469581869158	0.633018626306284	0.4781349409326775	clusterID=2
839	87	1	0	0.5438294023790228	0.0725122250288568	0.6268811370641244	0.4717806955829211	clusterID=2
868	86	1	0	0.5375058046769411	0.0734494498566485	0.6207310123905726	0.4654391101690569	clusterID=2
874	85	1	0	0.5311822069748594	0.07439675871066755	0.6145682995273918	0.4591101383258161	clusterID=2
889	84	1	0	0.5248586092727777	0.07535455243696773	0.608393039403072	0.4527937400435081	clusterID=2
903	83	1	0	0.518535011570696	0.07632324516889263	0.6022052667335644	0.4464898815698712	clusterID=2
921	82	1	0	0.5122114138686144	0.07730326522364409	0.5960050101072747	0.44019853532785375	clusterID=2
955	81	1	0	0.5058878161665327	0.07829505605011967	0.5897922920548065	0.4339196798488541	clusterID=2
967	80	1	0	0.49956421846445104	0.07929907723292022	0.5835671291038537	0.427653299721041	clusterID=2
1000	79	1	0	0.4932406207623694	0.0803158055578365	0.5773295318195495	0.4213993855524599	clusterID=2
1017	78	1	0	0.4869170230602878	0.08134573614458454	0.5710795048305078	0.415157933948722	clusterID=2
1022	77	2	0	0.47426982765612447	0.08344728357007622	0.5585421506272535	0.4027124348133211	clusterID=2
1023	75	2	0	0.46162263225196115	0.08560809505460147	0.5459549848916062	0.39031689517321155	clusterID=2
1047	73	1	0	0.45529903454987947	0.0867121945909586	0.539642671071512	0.38413791565156247	clusterID=2
1065	72	2	0	0.44265183914571615	0.08897095080758476	0.5269804252717549	0.37181770195361946	clusterID=2
1074	70	1	0	0.4363282414436345	0.09012696280847252	0.5206304122732467	0.3656765524895513	clusterID=2
1084	69	1	0	0.4300046437415529	0.09130168757932439	0.5142677413542399	0.35954810844713964	clusterID=2
1088	68	0	1	0.4300046437415529	0.09130168757932439	0.5142677413542399	0.35954810844713964	clusterID=2
1099	67	1	0	0.42358666398421624	0.09253183329005943	0.5078149915259559	0.3533288006447252	clusterID=2
1103	66	1	0	0.41716868422687964	0.0937829430393373	0.5013486911193744	0.34712309851856854	clusterID=2
1134	65	1	0	0.41075070446954304	0.0950559047114076	0.4948687726919746	0.34093107209907	clusterID=2
1148	64	1	0	0.40433272471220644	0.0963516522614951	0.4883751611330308	0.33475279924947793	clusterID=2
1168	63	0	1	0.40433272471220644	0.0963516522614951	0.4883751611330308	0.33475279924947793	clusterID=2
1228	62	1	0	0.39781122915233214	0.09771413029038521	0.48178298318526286	0.32847522549138064	clusterID=2
1248	61	1	0	0.39128973359245783	0.09910234761155874	0.47517602973905626	0.3222124981744891	clusterID=2
1300	60	1	0	0.38476823803258353	0.1005174670285142	0.46855420268402226	0.3159647190242719	clusterID=2
1314	59	0	1	0.38476823803258353	0.1005174670285142	0.46855420268402226	0.3159647190242719	clusterID=2
1357	58	0	1	0.38476823803258353	0.1005174670285142	0.46855420268402226	0.3159647190242719	clusterID=2
1371	57	1	0	0.3780179180670996	0.1020639230377144	0.4617313415145369	0.3094820159079141	clusterID=2
1377	56	1	0	0.3712675981016157	0.10364226797269449	0.4548911701191201	0.3030167179636559	clusterID=2
1401	55	1	0	0.3645172781361318	0.10525407377970769	0.4480335627464095	0.29656895623014096	clusterID=2
1423	54	1	0	0.35776695817064785	0.10690101055185362	0.44115838039946004	0.29013887539159783	clusterID=2
1431	53	1	0	0.35101663820516393	0.1085848551109908	0.4342654703445952	0.2837266343075449	clusterID=2
1438	52	1	0	0.34426631823968	0.11030750049729408	0.42735466556205387	0.27733240660524644	clusterID=2
1446	51	1	0	0.3375159982741961	0.11207096648421318	0.4204257841336688	0.2709563813403241	clusterID=2
1448	50	1	0	0.3307656783087122	0.11387741125443517	0.4134786285621314	0.264598763731709	clusterID=2
1471	49	1	0	0.32401535834322825	0.11572914439344553	0.40651298501563443	0.25825977597801175	clusterID=2
1484	48	1	0	0.31726503837774434	0.11762864138204812	0.3995286224908109	0.2519396581634065	clusterID=2
1499	47	1	0	0.3105147184122604	0.11957855979852008	0.39252529188588986	0.24563866926229877	clusterID=2
1547	46	1	0	0.3037643984467765	0.12158175747589708	0.3855027249748524	0.23935708825340016	clusterID=2
1557	45	1	0	0.2970140784812926	0.12364131290138568	0.3784606332720541	0.2330952153554024	clusterID=2
1568	44	1	0	0.29026375851580866	0.12576054819455107	0.37139870677526604	0.22685337339826914	clusterID=2
1576	43	1	0	0.28351343855032474	0.1279430550605598	0.3643166125733286	0.22063190934629734	clusterID=2
1637	42	1	0	0.2767631185848408	0.13019272418666358	0.35721399330257037	0.21443119599160312	clusterID=2
1638	41	1	0	0.2700127986193569	0.13251377863718788	0.3500904654337591	0.20825163383963158	clusterID=2
1686	40	1	0	0.263262478653873	0.13491081190820575	0.34294561736856255	0.20209365321177664	clusterID=2
1699	39	1	0	0.25651215868838906	0.13738883143250707	0.3357790073212164	0.19595771659433267	clusterID=2
1707	38	1	0	0.24976183872290514	0.13995330848441082	0.32859016095723154	0.189844321267933	clusterID=2
1745	37	1	0	0.24301151875742122	0.14261023563013775	0.3213785687563966	0.1837540022575419	clusterID=2
1756	36	1	0	0.2362611987919373	0.1453661931128906	0.3141436830619001	0.1776873356501791	clusterID=2
1806	35	1	0	0.22951087882645338	0.1482284258655808	0.30688491477091695	0.17164494233615854	clusterID=2
1828	34	2	0	0.21601023889548554	0.1543045739072748	0.29229314396336187	0.15963570912061312	clusterID=2
1855	32	1	0	0.20925991893000162	0.15753718940248573	0.28495872009170725	0.15367037603375733	clusterID=2
1878	31	1	0	0.2025095989645177	0.16091374976066827	0.2775975608040878	0.14773234157382367	clusterID=2
1888	30	1	0	0.19575927899903378	0.16444652671733534	0.27020880333072766	0.14182252703039036	clusterID=2
1889	29	1	0	0.18900895903354986	0.16814930045347007	0.26279151236301473	0.1359419346299024	clusterID=2
1890	28	1	0	0.18225863906806594	0.17203760799820098	0.25534467208296446	0.13009165706872688	clusterID=2
1895	27	1	0	0.17550831910258202	0.17612904357386402	0.24786717700816616	0.12427288859306662	clusterID=2
1906	26	0	1	0.17550831910258202	0.17612904357386402	0.24786717700816616	0.12427288859306662	clusterID=2
1918	25	0	1	0.17550831910258202	0.17612904357386402	0.24786717700816616	0.12427288859306662	clusterID=2
1961	24	1	0	0.16819547247330777	0.18119888022044353	0.23991150086167837	0.1179173022506735	clusterID=2
2056	23	1	0	0.1608826258440335	0.1865725563369996	0.23191027658617086	0.11160876386973669	clusterID=2
2071	22	0	1	0.1608826258440335	0.1865725563369996	0.23191027658617086	0.11160876386973669	clusterID=2
2135	21	1	0	0.15322154842288904	0.19284779272544258	0.22360019897642672	0.10499473170675848	clusterID=2
2435	20	0	1	0.15322154842288904	0.19284779272544258	0.22360019897642672	0.10499473170675848	clusterID=2
2504	19	1	0	0.1451572564006317	0.2002854157627619	0.2149423565629943	0.09802920849424787	clusterID=2
2745	18	1	0	0.1370929643783744	0.20828399272020773	0.20620862356990363	0.09114304026998658	clusterID=2
3104	17	1	0	0.1290286723561171	0.21693015514609038	0.1973956197896391	0.08434026199631033	clusterID=2
3314	16	1	0	0.12096438033385977	0.22633019877686122	0.18849946394096803	0.07762558579019124	clusterID=2
3343	15	0	1	0.12096438033385977	0.22633019877686122	0.18849946394096803	0.07762558579019124	clusterID=2
3371	14	0	1	0.12096438033385977	0.22633019877686122	0.18849946394096803	0.07762558579019124	clusterID=2
3379	13	0	1	0.12096438033385977	0.22633019877686122	0.18849946394096803	0.07762558579019124	clusterID=2
3493	12	1	0	0.11088401530603811	0.24248941513833358	0.17835131201196613	0.06893846034373306	clusterID=2
3698	11	0	1	0.11088401530603811	0.24248941513833358	0.17835131201196613	0.06893846034373306	clusterID=2
3736	10	1	0	0.0997956137754343	0.2644092047664797	0.16756255608864604	0.05943550135119048	clusterID=2
3900	9	0	1	0.0997956137754343	0.2644092047664797	0.16756255608864604	0.05943550135119048	clusterID=2
3940	8	0	1	0.0997956137754343	0.2644092047664797	0.16756255608864604	0.05943550135119048	clusterID=2
4379	7	0	1	0.0997956137754343	0.2644092047664797	0.16756255608864604	0.05943550135119048	clusterID=2
4645	6	0	1	0.0997956137754343	0.2644092047664797	0.16756255608864604	0.05943550135119048	clusterID=2
4852	5	1	0	0.07983649102034746	0.3462834497420317	0.1573832275382656	0.04049901249415093	clusterID=2
5020	4	0	1	0.07983649102034746	0.3462834497420317	0.1573832275382656	0.04049901249415093	clusterID=2
5179	3	0	1	0.07983649102034746	0.3462834497420317	0.1573832275382656	0.04049901249415093	clusterID=2
5820	2	0	1	0.07983649102034746	0.3462834497420317	0.1573832275382656	0.04049901249415093	clusterID=2
8698	1	0	1	0.07983649102034746	0.3462834497420317	0.1573832275382656	0.04049901249415093	clusterID=2
90	138	1	0	0.9927536231884058	0.007272775357351403	1	0.9787029179526204	clusterID=3
111	137	1	0	0.9855072463768115	0.010323001737691675	1	0.9657681238173565	clusterID=3
117	136	1	0	0.9782608695652174	0.012689783127114683	1	0.9542301162491867	clusterID=3
135	135	1	0	0.9710144927536232	0.014707472779848216	0.9994124044477348	0.9434234965880738	clusterID=3
200	134	1	0	0.9637681159420289	0.016505156190930157	0.9954553132428016	0.9330895811692679	clusterID=3
202	133	1	0	0.9565217391304347	0.018148850216015693	0.9911586468890792	0.9230952484759001	clusterID=3
204	132	1	0	0.9492753623188405	0.01967767706476908	0.9866017429022671	0.9133611611659511	clusterID=3
234	131	1	0	0.9420289855072462	0.02111707557199835	0.9818364551429756	0.9038354655578409	clusterID=3
245	130	1	0	0.9347826086956521	0.022484687520664393	0.9768989090688764	0.8944820363784846	clusterID=3
272	129	1	0	0.9275362318840579	0.023793343363340033	0.9718154826822272	0.8852744958159849	clusterID=3
281	128	0	1	0.9275362318840579	0.023793343363340033	0.9718154826822272	0.8852744958159849	clusterID=3
286	127	2	0	0.9129293620906082	0.02630793493177108	0.96123711235993	0.8670493569697791	clusterID=3
308	125	0	1	0.9129293620906082	0.02630793493177108	0.96123711235993	0.8670493569697791	clusterID=3
315	124	2	0	0.8982046949601145	0.028710845038372745	0.9501978346910582	0.8490565275921738	clusterID=3
327	122	0	1	0.8982046949601145	0.028710845038372745	0.9501978346910582	0.8490565275921738	clusterID=3
334	121	1	0	0.8907815156629234	0.029886169815374983	0.9445182426592771	0.8401020465339779	clusterID=3
335	120	1	0	0.8833583363657324	0.031035643338553697	0.9387598337708463	0.8312263929022266	clusterID=3
379	119	2	0	0.8685119777713503	0.033269480908313616	0.9270322561901735	0.8136858782371872	clusterID=3
390	117	1	0	0.8610887984741592	0.034358979438750964	0.9210736453824863	0.8050104598853935	clusterID=3
412	116	0	1	0.8610887984741592	0.034358979438750964	0.9210736453824863	0.8050104598853935	clusterID=3
421	115	1	0	0.8536010697917753	0.0354516165882583	0.9150217586737163	0.7963032348058994	clusterID=3
454	114	1	0	0.8461133411093913	0.036530053603620154	0.9089143933333736	0.7876515007950973	clusterID=3
471	113	1	0	0.8386256124270073	0.03759599343987197	0.9027549733587192	0.7790518341892447	clusterID=3
481	112	1	0	0.8311378837446233	0.03865095475105986	0.89654652275279	0.7705012113308553	clusterID=3
507	111	1	0	0.8236501550622393	0.03969630190670863	0.8902917274885497	0.7619969466050956	clusterID=3
512	110	1	0	0.8161624263798554	0.04073326921283108	0.8839929855621526	0.7535366423871003	clusterID=3
536	109	1	0	0.8086746976974715	0.04176298065773954	0.8776524478227387	0.7451181482127849	clusterID=3
540	108	1	0	0.8011869690150875	0.042786466162594364	0.871272051576877	0.7367395271750483	clusterID=3
544	107	2	0	0.7862115116503194	0.04481848745739856	0.8583985278125991	0.7200950619365775	clusterID=3
569	105	1	0	0.7787237829679354	0.04582872362988177	0.8519084361752752	0.7118261827320685	clusterID=3
573	104	1	0	0.7712360542855514	0.04683615225695999	0.8453845940424024	0.7035910704094426	clusterID=3
578	103	1	0	0.7637483256031674	0.04784149728830525	0.8388282099649961	0.6953885169002401	clusterID=3
588	102	1	0	0.7562605969207834	0.04884544393461246	0.8322403927026758	0.6872174139465327	clusterID=3
595	101	1	0	0.7487728682383994	0.049848643854767685	0.8256221616777453	0.679076742647801	clusterID=3
627	100	1	0	0.7412851395560154	0.05085171968743603	0.8189744560206857	0.6709655644164582	clusterID=3
666	99	1	0	0.7337974108736314	0.05185526903615995	0.8122981424312548	0.6628830131178283	clusterID=3
702	98	1	0	0.7263096821912474	0.05285986799713874	0.80559402203823	0.6548282882115487	clusterID=3
715	97	1	0	0.7188219535088634	0.053866074303091135	0.7988628364081589	0.6468006487440368	clusterID=3
727	96	1	0	0.7113342248264793	0.05487443014404025	0.7921052728273533	0.6387994080677896	clusterID=3
747	95	1	0	0.7038464961440953	0.055885464715790756	0.785321968960339	0.6308239291843103	clusterID=3
749	94	1	0	0.6963587674617113	0.05689969653875562	0.7785135169709454	0.6228736206244845	clusterID=3
772	93	1	0	0.6888710387793273	0.05791763558322087	0.7716804671783458	0.6149479327941005	clusterID=3
823	92	0	1	0.6888710387793273	0.05791763558322087	0.7716804671783458	0.6149479327941005	clusterID=3
829	91	1	0	0.6813010273641699	0.058962298408821334	0.7647647170068866	0.6069462666951115	clusterID=3
841	90	1	0	0.6737310159490124	0.06001163702749292	0.7578243210490736	0.5989692719591336	clusterID=3
855	89	1	0	0.666161004533855	0.061066176285863416	0.7508597595672958	0.5910164691969777	clusterID=3
874	88	1	0	0.6585909931186975	0.06212643878497304	0.7438714789436313	0.5830874129399712	clusterID=3
955	87	1	0	0.6510209817035401	0.06319294659441012	0.7368598940396939	0.5751816892824538	clusterID=3
965	86	1	0	0.6434509702883826	0.06426622289268855	0.7298253903114555	0.5672989137694602	clusterID=3
968	85	1	0	0.6358809588732252	0.06534679355027061	0.7227683257071763	0.5594387295014768	clusterID=3
971	84	1	0	0.6283109474580677	0.06643518867004233	0.715689032372663	0.5516008054320629	clusterID=3
1007	83	1	0	0.6207409360429103	0.06753194409876925	0.7085878181847715	0.5437848348374408	clusterID=3
1009	82	1	0	0.6131709246277528	0.06863760292205331	0.7014649681312507	0.5359905339399703	clusterID=3
1055	81	1	0	0.6056009132125953	0.0697527169545372	0.6943207455526372	0.5282176406698272	clusterID=3
1069	80	1	0	0.5980309017974379	0.07087784823653331	0.6871553932598393	0.5204659135512589	clusterID=3
1083	79	1	0	0.5904608903822804	0.0720135705478669	0.6799691345392946	0.5127351307015652	clusterID=3
1098	78	1	0	0.582890878967123	0.07316047094950093	0.6727621740560482	0.5050250889324813	clusterID=3
1116	77	1	0	0.5753208675519655	0.07431915136343988	0.6655346986637761	0.4973356029449675	clusterID=3
1125	76	1	0	0.5677508561368081	0.07549023020148446	0.6582868781296232	0.48966650460956995	clusterID=3
1136	75	1	0	0.5601808447216506	0.07667434405362263	0.6510188657807153	0.4820176423255315	clusterID=3
1139	74	1	0	0.5526108333064932	0.07787214944719378	0.6437307990783112	0.4743888804527229	clusterID=3
1163	73	1	0	0.5450408218913357	0.0790843246884531	0.636422800124778	0.4667800988112601	clusterID=3
1172	72	1	0	0.5374708104761783	0.08031157179879686	0.6290949761078705	0.45919119224437543	clusterID=3
1244	71	0	1	0.5374708104761783	0.08031157179879686	0.6290949761078705	0.45919119224437543	clusterID=3
1245	70	0	1	0.5374708104761783	0.08031157179879686	0.6290949761078705	0.45919119224437543	clusterID=3
1258	69	0	1	0.5374708104761783	0.08031157179879686	0.6290949761078705	0.45919119224437543	clusterID=3
1322	68	1	0	0.5295668279691756	0.08166663545279973	0.6214919950858722	0.4512383546413751	clusterID=3
1352	67	1	0	0.521662845462173	0.08303963730271995	0.6138657080469472	0.4433088878697861	clusterID=3
1394	66	1	0	0.5137588629551704	0.08443152015963891	0.6062162410460559	0.4354026688719755	clusterID=3
1460	65	1	0	0.5058548804481677	0.08584326538437437	0.5985437005285714	0.4275195943876035	clusterID=3
1484	64	1	0	0.4979508979411651	0.08727589635671466	0.5908481737707734	0.41965958052805924	clusterID=3
1504	63	1	0	0.49004691543416246	0.08873048219139038	0.5831297292385772	0.4118225624341058	clusterID=3
1512	62	1	0	0.4821429329271598	0.09020814173234558	0.5753884168679616	0.4040084940134421	clusterID=3
1687	61	1	0	0.4742389504201572	0.09171004786019248	0.5676242682697814	0.3962173477556817	clusterID=3
1700	60	1	0	0.46633496791315454	0.09323743215160427	0.5598372968609246	0.38844911462300546	clusterID=3
1707	59	1	0	0.45843098540615196	0.0947915899339016	0.5520274979230787	0.38070380401546544	clusterID=3
1712	58	1	0	0.4505270028991493	0.09637388578331235	0.5441948485896994	0.3729814438106242	clusterID=3
1739	57	1	0	0.4426230203921467	0.09798575952144772	0.5363393077611173	0.36528208047791694	clusterID=3
1831	56	1	0	0.43471903788514404	0.09962873277157704	0.5284608159470493	0.35760577926882814	clusterID=3
1838	55	1	0	0.4268150553781414	0.10130441614446355	0.520559295035118	0.34995262448470216	clusterID=3
1847	54	1	0	0.4189110728711388	0.10301451713304302	0.5126346479832808	0.3423227198247668	clusterID=3
1873	53	1	0	0.4110070903641362	0.10476084880632344	0.5046867584333447	0.33471618881774934	clusterID=3
1874	52	1	0	0.40310310785713355	0.10654533940584651	0.4967154902419699	0.3271331753413275	clusterID=3
1895	51	1	0	0.3951991253501309	0.10837004296322914	0.48872068692472614	0.3195738442345986	clusterID=3
1921	50	1	0	0.38729514284312827	0.11023715107511738	0.4807021710078546	0.3120383820097791	clusterID=3
1922	49	1	0	0.37939116033612563	0.11214900599285516	0.4726597432813909	0.3045269976705012	clusterID=3
1974	48	1	0	0.371487177829123	0.1141081152089236	0.4645931819461789	0.2970399236453571	clusterID=3
2050	47	1	0	0.36358319532212036	0.11611716775152044	0.4565022416460595	0.2895774168468077	clusterID=3
2084	46	1	0	0.3556792128151177	0.11817905243347634	0.4483866523751003	0.2821397598672298	clusterID=3
2139	45	0	1	0.3556792128151177	0.11817905243347634	0.4483866523751003	0.2821397598672298	clusterID=3
2184	44	1	0	0.34759559434204684	0.12039447520667215	0.44010289601342295	0.27453283834404885	clusterID=3
2191	43	1	0	0.33951197586897597	0.12267248883235977	0.43179152096495027	0.2669537870981324	clusterID=3
2223	42	0	1	0.33951197586897597	0.12267248883235977	0.43179152096495027	0.2669537870981324	clusterID=3
2275	41	1	0	0.33123119596973266	0.1251331115807739	0.4232965514948467	0.25918969761527844	clusterID=3
2288	40	1	0	0.32295041607048935	0.12766879514944932	0.41477036978224685	0.2514571407182673	clusterID=3
2304	39	1	0	0.31466963617124605	0.13028463104898683	0.4062125314090974	0.24375658620049856	clusterID=3
2316	38	1	0	0.30638885627200274	0.13298617462320447	0.3976225466491993	0.2360885519162624	clusterID=3
2350	37	1	0	0.29810807637275943	0.1357795028406872	0.388999877439942	0.22845360719268462	clusterID=3
2446	36	1	0	0.2898272964735161	0.13867128104014537	0.3803439339474683	0.22085237671425348	clusterID=3
2522	35	0	1	0.2898272964735161	0.13867128104014537	0.3803439339474683	0.22085237671425348	clusterID=3
2541	34	0	1	0.2898272964735161	0.13867128104014537	0.3803439339474683	0.22085237671425348	clusterID=3
2542	33	1	0	0.2810446511258338	0.14204468973631038	0.37126497781738904	0.21274857755447069	clusterID=3
2588	32	1	0	0.2722620057781515	0.14554984850014002	0.3621423332112521	0.20468913184778426	clusterID=3
2716	31	0	1	0.2722620057781515	0.14554984850014002	0.3621423332112521	0.20468913184778426	clusterID=3
2747	30	1	0	0.26318660558554646	0.1494462568476375	0.35275458501663576	0.19636084774454565	clusterID=3
2833	29	0	1	0.26318660558554646	0.1494462568476375	0.35275458501663576	0.19636084774454565	clusterID=3
2836	28	0	1	0.26318660558554646	0.1494462568476375	0.35275458501663576	0.19636084774454565	clusterID=3
2883	27	1	0	0.2534389535268225	0.15413852571719847	0.34282802568080467	0.18735721222679275	clusterID=3
3017	26	0	1	0.2534389535268225	0.15413852571719847	0.34282802568080467	0.18735721222679275	clusterID=3
3234	25	1	0	0.24330139538574957	0.15945329026689328	0.33256112944744615	0.1779990616913255	clusterID=3
3263	24	1	0	0.23316383724467668	0.1650361959687531	0.3222109227984068	0.1687260460523745	clusterID=3
3288	23	1	0	0.2230262791036038	0.17091878353421813	0.3117757776403666	0.1595400436405117	clusterID=3
3403	22	0	1	0.2230262791036038	0.17091878353421813	0.3117757776403666	0.1595400436405117	clusterID=3
3941	21	0	1	0.2230262791036038	0.17091878353421813	0.3117757776403666	0.1595400436405117	clusterID=3
3949	20	0	1	0.2230262791036038	0.17091878353421813	0.3117757776403666	0.1595400436405117	clusterID=3
4001	19	1	0	0.21128805388762462	0.179268533694578	0.300240030485372	0.14868983873819183	clusterID=3
4131	18	1	0	0.19954982867164547	0.1881626451483216	0.288546421855122	0.13800252266817778	clusterID=3
4195	17	0	1	0.19954982867164547	0.1881626451483216	0.288546421855122	0.13800252266817778	clusterID=3
4198	16	0	1	0.19954982867164547	0.1881626451483216	0.288546421855122	0.13800252266817778	clusterID=3
4367	15	1	0	0.18624650676020243	0.2004172791730243	0.2758567613798866	0.12574555398556678	clusterID=3
4642	14	0	1	0.18624650676020243	0.2004172791730243	0.2758567613798866	0.12574555398556678	clusterID=3
4665	13	0	1	0.18624650676020243	0.2004172791730243	0.2758567613798866	0.12574555398556678	clusterID=3
4744	12	0	1	0.18624650676020243	0.2004172791730243	0.2758567613798866	0.12574555398556678	clusterID=3
4754	11	1	0	0.16931500614563857	0.22194142218618643	0.261584695855958	0.109591928580881	clusterID=3
4777	10	1	0	0.15238350553107471	0.24570125354409195	0.246648936002224	0.09414487300983003	clusterID=3
4891	9	0	1	0.15238350553107471	0.24570125354409195	0.246648936002224	0.09414487300983003	clusterID=3
5318	8	0	1	0.15238350553107471	0.24570125354409195	0.246648936002224	0.09414487300983003	clusterID=3
5911	7	0	1	0.15238350553107471	0.24570125354409195	0.246648936002224	0.09414487300983003	clusterID=3
6494	6	0	1	0.15238350553107471	0.24570125354409195	0.246648936002224	0.09414487300983003	clusterID=3
6516	5	0	1	0.15238350553107471	0.24570125354409195	0.246648936002224	0.09414487300983003	clusterID=3
6723	4	0	1	0.15238350553107471	0.24570125354409195	0.246648936002224	0.09414487300983003	clusterID=3
7494	3	1	0	0.10158900368738313	0.47648270971757706	0.25848153192498124	0.03992674290243065	clusterID=3
7542	2	0	1	0.10158900368738313	0.47648270971757706	0.25848153192498124	0.03992674290243065	clusterID=3
8675	1	0	1	0.10158900368738313	0.47648270971757706	0.25848153192498124	0.03992674290243065	clusterID=3
